algorithm,graph_type,graph_structure,dag_edges_directed,dag_edges_undirected,dag_nodes,train_size,repetition,seed,categorical,column_order_strategy,column_order,mean_corr_difference,max_corr_difference,propensity_metrics_avg_pMSE,propensity_metrics_pMSE_err,propensity_metrics_avg_acc,propensity_metrics_acc_err,k_marginal_tvd,mean_mi_difference,max_mi_difference,mean_ks_distance,nnaa
vanilla,,,0,0,0,20,0,42,False,original,"[0, 1, 2, 3]",0.014119627335807919,0.0518747996164719,0.002230008786515008,0.00014416295270269045,0.5359407533450665,0.003920064798047333,0.2823333333333333,0.0002811052829020559,0.0002811052829020559,0.094,0.6025
vanilla,,,0,0,0,20,1,43,False,original,"[0, 1, 2, 3]",0.09319341274347871,0.1628172399204904,0.004055268222170916,0.0002989404860422606,0.5549444182409367,0.006575073322149511,0.2734166666666667,0.0002579614468788758,0.0002579614468788758,0.10037499999999999,0.57575
vanilla,,,0,0,0,20,2,44,False,original,"[0, 1, 2, 3]",0.057495424580460204,0.10489260931527183,0.009959543560807835,0.00041970758756313536,0.5881834653693353,0.008716702605590458,0.29724999999999996,0.00012897190128962266,0.00012897190128962266,0.140875,0.56275
vanilla,,,0,0,0,20,3,45,False,original,"[0, 1, 2, 3]",0.058968305774297354,0.11609763481384788,0.0063577380405054566,0.00031643246795549066,0.5783420744914289,0.004327922211811268,0.3065833333333334,0.0002884162410198865,0.0002884162410198865,0.133,0.573
vanilla,,,0,0,0,20,4,46,False,original,"[0, 1, 2, 3]",0.02143944765254896,0.04481287952946311,0.0036922220915662557,0.00036877261788404245,0.5586736117425561,0.008490192941335182,0.23666666666666666,0.00035908377658044655,0.00035908377658044655,0.053875,0.5595
vanilla,,,0,0,0,20,5,47,False,original,"[0, 1, 2, 3]",0.23569890399936747,0.4674979730343203,0.0051069700699258895,0.0005603243852044449,0.5521209011602932,0.008077025217593304,0.27566666666666667,0.0002811052829020559,0.0002811052829020559,0.08900000000000001,0.558
vanilla,,,0,0,0,20,6,48,False,original,"[0, 1, 2, 3]",0.10636817875356776,0.18846477059986433,0.011645062148942325,0.0003921601101510299,0.592574561800201,0.005915155376744644,0.32866666666666666,0.00024976667959765404,0.00024976667959765404,0.15687500000000001,0.60475
vanilla,,,0,0,0,20,7,49,False,original,"[0, 1, 2, 3]",0.200972635495184,0.4392841678832416,0.032989042907940316,0.0010386461014766997,0.6648529862853613,0.005872638484518726,0.3385,0.00011169294289112423,0.00011169294289112423,0.13,0.6212500000000001
vanilla,,,0,0,0,20,8,50,False,original,"[0, 1, 2, 3]",0.16143554121487472,0.27275565781980154,0.008885736899157443,0.0002037899867129976,0.5604589444311859,0.005495131223378196,0.2743333333333333,0.0002811349729704195,0.0002811349729704195,0.103375,0.56025
vanilla,,,0,0,0,20,9,51,False,original,"[0, 1, 2, 3]",0.15795123653516108,0.3253110580049579,0.003476879211309803,0.00039560962493445797,0.5651971409878028,0.005713696814431994,0.2605833333333334,0.00012897190128954416,0.00012897190128954416,0.049,0.6045
vanilla,,,0,0,0,50,0,42,False,original,"[0, 1, 2, 3]",0.0468094438976569,0.10245169598974124,0.003454287063152708,0.00033489953871908393,0.5510433166233504,0.014411797757287802,0.30208333333333337,0.00028110663211309206,0.00028110663211309206,0.09937500000000002,0.5655
vanilla,,,0,0,0,50,1,43,False,original,"[0, 1, 2, 3]",0.18540560578408835,0.37571227292693143,0.004758804469571742,0.00034748369940383383,0.5712397672681332,0.008407293376510888,0.26525000000000004,0.0002811052829020559,0.0002811052829020559,0.0775,0.55
vanilla,,,0,0,0,50,2,44,False,original,"[0, 1, 2, 3]",0.11917029656707251,0.2276006864614939,0.004001783623837333,0.00021251184605534696,0.5619236607197589,0.006318250783845836,0.2654166666666667,0.0002579614468788562,0.0002579614468788562,0.10437500000000001,0.55325
vanilla,,,0,0,0,50,3,45,False,original,"[0, 1, 2, 3]",0.016539372994510887,0.03965594747399619,0.0034341724494942037,9.476567190181967e-05,0.5471849838329664,0.004542321372129383,0.23816666666666672,0.00036482089561254926,0.00036482089561254926,0.083,0.55575
vanilla,,,0,0,0,50,4,46,False,original,"[0, 1, 2, 3]",0.1275783631889704,0.25266750336729926,0.0033486236187850785,0.00024240305756531824,0.5334081078216585,0.0073240295030882465,0.23825000000000005,0.00012897778261099983,0.00012897778261099983,0.059375,0.5345
vanilla,,,0,0,0,50,5,47,False,original,"[0, 1, 2, 3]",0.04144168923455388,0.09176118548808913,0.0004151195266546688,5.567590903709901e-05,0.5132701997119002,0.0051990426554429404,0.2235,0.00022339607229778465,0.00022339607229778465,0.038,0.51625
vanilla,,,0,0,0,50,6,48,False,original,"[0, 1, 2, 3]",0.1322620767116231,0.2599628888302591,0.006765518592782535,0.0001675003232395167,0.5604800701409662,0.008163064971568768,0.25875000000000004,0.00017061823426692163,0.00017061823426692163,0.107625,0.5527500000000001
vanilla,,,0,0,0,50,7,49,False,original,"[0, 1, 2, 3]",0.07396279947903094,0.15749796128983642,0.008717623444647452,0.00037750380904938365,0.5709467960495683,0.003815966632945689,0.2591666666666667,0.0001706293495351986,0.0001706293495351986,0.11862500000000001,0.53975
vanilla,,,0,0,0,50,8,50,False,original,"[0, 1, 2, 3]",0.028853840902443542,0.07024352431886653,0.005228935207465007,0.0002775686936731773,0.5581709342033955,0.005867448370943641,0.24708333333333335,0.00017062934953516892,0.00017062934953516892,0.107375,0.5367500000000001
vanilla,,,0,0,0,50,9,51,False,original,"[0, 1, 2, 3]",0.025836020821517997,0.05284401209647867,0.0034658459864496,0.00011288020334805766,0.5506545963113167,0.002539577392221083,0.22891666666666666,0.00021388456882060213,0.00021388456882060213,0.052,0.546
vanilla,,,0,0,0,100,0,42,False,original,"[0, 1, 2, 3]",0.06460458431367018,0.1274812338460194,0.001617581478206058,0.00020157022777063586,0.54516790048268,0.008125926695881155,0.26833333333333337,0.00022339607229778465,0.00022339607229778465,0.079625,0.53575
vanilla,,,0,0,0,100,1,43,False,original,"[0, 1, 2, 3]",0.018274011091748397,0.03169464366841568,0.0017923585654598486,0.0001238226812462198,0.5369519366913047,0.010296852026598979,0.20775000000000002,0.00021388456882064948,0.00021388456882064948,0.051625,0.503
vanilla,,,0,0,0,100,2,44,False,original,"[0, 1, 2, 3]",0.10051842911771902,0.1962543552791987,0.0014173521575832422,0.00015065488448893512,0.5381264985467828,0.01050630690093609,0.24116666666666667,0.00018239797064362312,0.00018239797064362312,0.07212500000000001,0.51075
vanilla,,,0,0,0,100,3,45,False,original,"[0, 1, 2, 3]",0.06242076510550401,0.1234986742908105,0.0026270130136672384,0.0002630937484554828,0.541801089891891,0.009792589182571984,0.22891666666666668,0.00022339607237508623,0.00022339607237508623,0.06725,0.52725
vanilla,,,0,0,0,100,4,46,False,original,"[0, 1, 2, 3]",0.052045635108331025,0.10781512944712332,0.00498759883759021,0.000430655641154392,0.5661781353836137,0.007383725424699807,0.2171666666666667,0.00018239797064362312,0.00018239797064362312,0.04175,0.515
vanilla,,,0,0,0,100,5,47,False,original,"[0, 1, 2, 3]",0.06487776680905766,0.1435136004518625,0.0011682632350624334,9.961674851856105e-05,0.5247061396370087,0.008277273560167893,0.22566666666666668,0.00021388456882064948,0.00021388456882064948,0.042499999999999996,0.5117499999999999
vanilla,,,0,0,0,100,6,48,False,original,"[0, 1, 2, 3]",0.04541712705646647,0.09271220528301281,0.0044373393596815105,0.00023258120963914642,0.549393751829993,0.007573241741423007,0.21766666666666667,0.0002579614468788562,0.0002579614468788562,0.072125,0.527
vanilla,,,0,0,0,100,7,49,False,original,"[0, 1, 2, 3]",0.020407668171196245,0.03566350134877638,0.00211506738347825,0.0002372472225424196,0.5275830009449398,0.008603520653405148,0.21191666666666667,0.0002579614468788758,0.0002579614468788758,0.065125,0.52
vanilla,,,0,0,0,100,8,50,False,original,"[0, 1, 2, 3]",0.028226511620085635,0.059930810134711146,0.001109376303804041,0.00017624539118955027,0.5231726905790705,0.009712598680313224,0.21458333333333335,0.00018239797064362312,0.00018239797064362312,0.042125,0.5117499999999999
vanilla,,,0,0,0,100,9,51,False,original,"[0, 1, 2, 3]",0.0393968700645474,0.08074047816021304,0.0016716918096334396,8.882865835294654e-05,0.5336914799039753,0.0018113286299061104,0.21350000000000002,0.0001824104473321518,0.0001824104473321518,0.047,0.5257499999999999
vanilla,,,0,0,0,200,0,42,False,original,"[0, 1, 2, 3]",0.04671823384262799,0.08123590299060708,0.0005069384478696951,7.941796876623286e-05,0.5083737246688756,0.008246212469973842,0.24025,0.00021388456882064948,0.00021388456882064948,0.0615,0.5205
vanilla,,,0,0,0,200,1,43,False,original,"[0, 1, 2, 3]",0.018627445630243586,0.0546420367240249,0.002049698973760073,0.0001557651109844164,0.5368130228754877,0.00467064170290939,0.2124166666666667,0.00025796144687881696,0.00025796144687881696,0.050125,0.53
vanilla,,,0,0,0,200,2,44,False,original,"[0, 1, 2, 3]",0.08903424955685868,0.18996008697523437,0.0007872242605508507,9.683482741218155e-05,0.5101478317490729,0.005370085134311632,0.21325000000000005,0.0001706182342668623,0.0001706182342668623,0.042624999999999996,0.518
vanilla,,,0,0,0,200,3,45,False,original,"[0, 1, 2, 3]",0.014524673349397882,0.028518754318560033,0.0004483423502588513,2.7678006300253655e-05,0.5083592563781669,0.008354027824922857,0.20550000000000002,0.00011169294289112423,0.00011169294289112423,0.0225,0.5057499999999999
vanilla,,,0,0,0,200,4,46,False,original,"[0, 1, 2, 3]",0.015329768048458287,0.03128259081112261,0.0013564609613495326,0.00013826348134385585,0.5236624241421841,0.008748248644198065,0.21725000000000003,0.0002811052829020559,0.0002811052829020559,0.044500000000000005,0.516
vanilla,,,0,0,0,200,5,47,False,original,"[0, 1, 2, 3]",0.06763136539840023,0.14260509960964435,0.001669493621591501,0.00010135970515146327,0.5335072883784877,0.0025148007227232105,0.22866666666666666,0.00018239797064362312,0.00018239797064362312,0.034375,0.5149999999999999
vanilla,,,0,0,0,200,6,48,False,original,"[0, 1, 2, 3]",0.0341153755894593,0.07296560324083001,0.0024420393740104372,0.00032369398311629096,0.5441002369690835,0.006418502575146575,0.21091666666666672,0.00022339607237517687,0.00022339607237517687,0.038375,0.5177499999999999
vanilla,,,0,0,0,200,7,49,False,original,"[0, 1, 2, 3]",0.0034120238377992715,0.007326515479047727,0.0018941855212784744,0.00012294446018627748,0.527232735565072,0.006764566697750287,0.20975000000000002,0.0001824104473321518,0.0001824104473321518,0.05375,0.5
vanilla,,,0,0,0,200,8,50,False,original,"[0, 1, 2, 3]",0.0337148126126983,0.07480040990309361,0.0008851811742987964,5.948003290909919e-05,0.5099327360007279,0.004428322816747981,0.223,0.000249762124049477,0.000249762124049477,0.045,0.522
vanilla,,,0,0,0,200,9,51,False,original,"[0, 1, 2, 3]",0.04703452664543153,0.10550146372874863,0.0006799775728081232,4.8067495879633375e-05,0.5091075271221559,0.010148840887394237,0.22175000000000003,0.00017061823426692163,0.00017061823426692163,0.051875000000000004,0.52525
vanilla,,,0,0,0,500,0,42,False,original,"[0, 1, 2, 3]",0.010552274767185585,0.01884522398199462,0.000516046575167827,0.00016285447997081652,0.5119747674311258,0.00983941827417241,0.21466666666666664,0.000249786423224071,0.000249786423224071,0.037500000000000006,0.50925
vanilla,,,0,0,0,500,1,43,False,original,"[0, 1, 2, 3]",0.023727486665437957,0.04800950731111915,0.00010086643479273645,2.842115626587985e-05,0.4879587392666226,0.004623741748045818,0.2070833333333333,0.0002811052829020559,0.0002811052829020559,0.02875,0.50625
vanilla,,,0,0,0,500,2,44,False,original,"[0, 1, 2, 3]",0.05078799709437742,0.10530913740795717,0.0007270333002822267,7.115009058586289e-05,0.5201410575280523,0.0077631114606729395,0.2051666666666667,0.0002811052829020559,0.0002811052829020559,0.04,0.49175
vanilla,,,0,0,0,500,3,45,False,original,"[0, 1, 2, 3]",0.011458336121642999,0.016003928525090763,0.0009242657387853514,0.00011172068715027087,0.5194545537045069,0.008954544718067045,0.20966666666666664,0.00011169294289112423,0.00011169294289112423,0.03,0.506
vanilla,,,0,0,0,500,4,46,False,original,"[0, 1, 2, 3]",0.02706674749723055,0.0619290061153788,0.00027114214549576836,6.160128183179157e-05,0.49547539578009464,0.006170092831998352,0.20725000000000002,0.0002234062594323573,0.0002234062594323573,0.0305,0.521
vanilla,,,0,0,0,500,5,47,False,original,"[0, 1, 2, 3]",0.026020874314547637,0.05622188753893093,0.0005019919009069554,0.00010954757716333481,0.5073527803549431,0.006430772182373324,0.2191666666666667,0.00018239797064362312,0.00018239797064362312,0.04175,0.51125
vanilla,,,0,0,0,500,6,48,False,original,"[0, 1, 2, 3]",0.011889497775733067,0.023425920632413246,0.0002598426272948399,5.587033824251739e-05,0.5115771108276659,0.005689373091844066,0.20966666666666667,0.0001824104473321518,0.0001824104473321518,0.035875000000000004,0.5075
vanilla,,,0,0,0,500,7,49,False,original,"[0, 1, 2, 3]",0.022839045032646565,0.04646057629942291,0.0008825404677692394,6.75592743440961e-05,0.5262232279585769,0.005281669103940425,0.20633333333333334,0.00011169973400465465,0.00011169973400465465,0.04,0.5165
vanilla,,,0,0,0,500,8,50,False,original,"[0, 1, 2, 3]",0.02519005564304315,0.050882755035605166,0.00036121854802670774,7.273941904564616e-05,0.508717727511818,0.00843160633177768,0.21466666666666667,0.0002579614468788758,0.0002579614468788758,0.029875000000000002,0.5057499999999999
vanilla,,,0,0,0,500,9,51,False,original,"[0, 1, 2, 3]",0.0780170531556501,0.16774505672973125,0.0006308953283596739,0.0001107164411466351,0.5145314939967349,0.008220556757190259,0.215,0.0002579555649539444,0.0002579555649539444,0.028374999999999997,0.5135000000000001
vanilla,,,0,0,0,20,0,42,False,worst,"[1, 2, 3, 0]",0.10190546958855175,0.21580915980780446,0.0037169126751901496,0.00026785670056544297,0.5543736683687918,0.009595316588482635,0.3101666666666667,0.00024977579182961684,0.00024977579182961684,0.094375,0.5934999999999999
vanilla,,,0,0,0,20,1,43,False,worst,"[1, 2, 3, 0]",0.13986936764580157,0.21393292157131782,0.0036534001394700915,0.00039410538334268524,0.5346581909693162,0.010225471838098398,0.29408333333333336,0.0003869843258520778,0.0003869843258520778,0.10462500000000001,0.57375
vanilla,,,0,0,0,20,2,44,False,worst,"[1, 2, 3, 0]",0.10612766773560689,0.16901328742649546,0.007702233793043016,0.0003346547364439205,0.5640070509829608,0.004792890437070583,0.3116666666666667,0.0002811052829020559,0.0002811052829020559,0.142125,0.5902499999999999
vanilla,,,0,0,0,20,3,45,False,worst,"[1, 2, 3, 0]",0.13021805852326848,0.2466117396332524,0.007974696835341775,0.0005928220170291561,0.5864294886803474,0.005729154987892299,0.3255833333333334,0.00011169294289112423,0.00011169294289112423,0.145375,0.58225
vanilla,,,0,0,0,20,4,46,False,worst,"[1, 2, 3, 0]",0.09513878458547648,0.16961589366550212,0.0013592485277908858,0.0002986731346486144,0.5390512363487411,0.007809617566704676,0.27133333333333337,0.0002579761521101981,0.0002579761521101981,0.056749999999999995,0.5602499999999999
vanilla,,,0,0,0,20,5,47,False,worst,"[1, 2, 3, 0]",0.2736857917850807,0.5202188699193789,0.004720636447715643,0.00037067706086553633,0.5482345466443089,0.010400805313114565,0.2859166666666667,0.0003869588356256957,0.0003869588356256957,0.10475000000000001,0.5535
vanilla,,,0,0,0,20,6,48,False,worst,"[1, 2, 3, 0]",0.15850035295095888,0.3049783451956603,0.012638573936389652,0.0004485632284678205,0.5970738746052493,0.006029078010320481,0.36716666666666664,0.00018239797064362312,0.00018239797064362312,0.17162499999999997,0.64
vanilla,,,0,0,0,20,7,49,False,worst,"[1, 2, 3, 0]",0.15852807441020225,0.31650731562028334,0.03392820217786101,0.0012957616621040598,0.6549157866200412,0.008427576187291896,0.3431666666666667,0.00011169294289112423,0.00011169294289112423,0.133875,0.605
vanilla,,,0,0,0,20,8,50,False,worst,"[1, 2, 3, 0]",0.10262411883923282,0.15546515509982717,0.008213496440899372,0.0002872506765533825,0.5683442935941002,0.004385631217353672,0.2773333333333334,0.0002497757918296574,0.0002497757918296574,0.111375,0.5655
vanilla,,,0,0,0,20,9,51,False,worst,"[1, 2, 3, 0]",0.14002264665429767,0.28877939407974107,0.0016174052502872592,0.0002669096584304534,0.544456120920654,0.0022443074555167876,0.29291666666666666,0.00021388456882057846,0.00021388456882057846,0.07137500000000001,0.61775
vanilla,,,0,0,0,50,0,42,False,worst,"[1, 2, 3, 0]",0.024299649708876537,0.04864368265910052,0.004653959396409117,0.00020653365580126356,0.5671191854740448,0.006611544904619801,0.3016666666666667,0.00017061823426692163,0.00017061823426692163,0.110125,0.56925
vanilla,,,0,0,0,50,1,43,False,worst,"[1, 2, 3, 0]",0.14078970838581387,0.2764167552333664,0.004323412618698026,0.0002590108556324753,0.5684369373858447,0.005893554464427634,0.24216666666666667,0.00011169294289112423,0.00011169294289112423,0.07575,0.534
vanilla,,,0,0,0,50,2,44,False,worst,"[1, 2, 3, 0]",0.11297299248443532,0.2161160328046826,0.004017021230836915,0.0002654292290780554,0.5666064405832179,0.00627563001003311,0.26591666666666675,0.00011169973477880783,0.00011169973477880783,0.10075,0.56575
vanilla,,,0,0,0,50,3,45,False,worst,"[1, 2, 3, 0]",0.04310342238120241,0.07953373757040788,0.0031659676247743984,0.00021545866348399392,0.541323796970574,0.008832434762462016,0.24083333333333334,0.0002811052829020559,0.0002811052829020559,0.08925,0.5375
vanilla,,,0,0,0,50,4,46,False,worst,"[1, 2, 3, 0]",0.08123554567770756,0.163301591556743,0.0035737084672367325,0.00023484942862976317,0.5420946486603988,0.0022259965838093867,0.24116666666666672,0.00011169294289112423,0.00011169294289112423,0.063,0.52125
vanilla,,,0,0,0,50,5,47,False,worst,"[1, 2, 3, 0]",0.03374245585685012,0.07243196447681592,0.0005321253288794438,0.00012459841994717368,0.5100765453351592,0.005940517669743147,0.21033333333333334,0.0002811052829020559,0.0002811052829020559,0.037500000000000006,0.5197499999999999
vanilla,,,0,0,0,50,6,48,False,worst,"[1, 2, 3, 0]",0.07713719062676089,0.14386713525655173,0.006131807247638179,0.00019304405089715226,0.5606154579351662,0.00971520740788945,0.25866666666666666,0.00012897778261099983,0.00012897778261099983,0.106625,0.546
vanilla,,,0,0,0,50,7,49,False,worst,"[1, 2, 3, 0]",0.08984171774514697,0.17946321833871873,0.007948445182131631,0.00013189501705726815,0.5689116579628578,0.003541451107191327,0.2616666666666667,0.00011169633849943373,0.00011169633849943373,0.11700000000000002,0.55
vanilla,,,0,0,0,50,8,50,False,worst,"[1, 2, 3, 0]",0.04915340567096488,0.14948319664982285,0.00450122706722415,0.00028513235074820555,0.5588557103475174,0.004861606748867176,0.23925000000000005,0.00036482089561254926,0.00036482089561254926,0.07799999999999999,0.533
vanilla,,,0,0,0,50,9,51,False,worst,"[1, 2, 3, 0]",0.03554966105956236,0.07836499923515669,0.0030382591996343205,0.00010652935980590264,0.5451387131988584,0.004063582605431703,0.22975,0.00011169633849943375,0.00011169633849943375,0.057875,0.5345
vanilla,,,0,0,0,100,0,42,False,worst,"[1, 2, 3, 0]",0.06730649723841152,0.13379732763562335,0.0009322016537803704,8.777347536712824e-05,0.5351174335548725,0.0047648956805573135,0.27591666666666664,0.0002811052829020559,0.0002811052829020559,0.08299999999999999,0.55325
vanilla,,,0,0,0,100,1,43,False,worst,"[1, 2, 3, 0]",0.0240630051363472,0.049384920139936214,0.0013098219087398807,8.445696657541185e-05,0.5267736519794176,0.006312097761393234,0.215,0.00017062934953528762,0.00017062934953528762,0.049125,0.514
vanilla,,,0,0,0,100,2,44,False,worst,"[1, 2, 3, 0]",0.0901224836659094,0.18426288361984786,0.0010912084126201917,7.734398699911717e-05,0.5308316362364387,0.005577649438245092,0.23550000000000001,0.00017061823426692163,0.00017061823426692163,0.059125,0.519
vanilla,,,0,0,0,100,3,45,False,worst,"[1, 2, 3, 0]",0.039953588978684014,0.054247962502344316,0.0024514894832137054,0.00012563626247083043,0.527976786559656,0.0071745101524379505,0.23533333333333337,2.220446049250313e-16,2.220446049250313e-16,0.074875,0.55125
vanilla,,,0,0,0,100,4,46,False,worst,"[1, 2, 3, 0]",0.017813974247982877,0.026035442956331756,0.004393623466804315,0.00026141593591697877,0.5686994650857312,0.005567703588188959,0.22408333333333333,0.00022340286397890964,0.00022340286397890964,0.0385,0.5269999999999999
vanilla,,,0,0,0,100,5,47,False,worst,"[1, 2, 3, 0]",0.016510201083625272,0.05285611637311526,0.0009586309146398568,0.00013578444700378608,0.5211934524634575,0.007756033823778562,0.21608333333333332,0.00018239797064362312,0.00018239797064362312,0.039625,0.523
vanilla,,,0,0,0,100,6,48,False,worst,"[1, 2, 3, 0]",0.016120096174747297,0.040518188431547864,0.0039136717456061745,0.00023316789744706382,0.5429072883890113,0.00637139904514784,0.23116666666666666,0.00018239797064362312,0.00018239797064362312,0.0635,0.50075
vanilla,,,0,0,0,100,7,49,False,worst,"[1, 2, 3, 0]",0.04066697386920336,0.0898724928146507,0.002391609261599002,0.00015234797420391773,0.5245023144466308,0.006625189631734946,0.22208333333333338,0.00011169294289112423,0.00011169294289112423,0.0765,0.5235000000000001
vanilla,,,0,0,0,100,8,50,False,worst,"[1, 2, 3, 0]",0.01799674155150983,0.023760780982650664,0.0015658039836473326,0.00015186965073054004,0.5315702482512497,0.007434002585620418,0.22200000000000006,0.00035908694546551295,0.00035908694546551295,0.051500000000000004,0.518
vanilla,,,0,0,0,100,9,51,False,worst,"[1, 2, 3, 0]",0.06494559205507451,0.1326644997296868,0.002003544347484358,7.367764508363818e-05,0.5390913127486572,0.0037908517305923653,0.22024999999999997,0.00022339607229778465,0.00022339607229778465,0.056125,0.52025
vanilla,,,0,0,0,200,0,42,False,worst,"[1, 2, 3, 0]",0.03860187846073609,0.05853562808302404,0.00029559444766428275,6.578756714862315e-05,0.5048530114838204,0.00365540840196031,0.23875,0.00012897778261099983,0.00012897778261099983,0.05325,0.51325
vanilla,,,0,0,0,200,1,43,False,worst,"[1, 2, 3, 0]",0.028025021474960294,0.0759929581901142,0.0013924905732012106,0.00015831962590310116,0.5281069900789589,0.00567800860523158,0.21658333333333335,0.00022340625943244793,0.00022340625943244793,0.0565,0.53625
vanilla,,,0,0,0,200,2,44,False,worst,"[1, 2, 3, 0]",0.0747725138886582,0.1599244651109179,0.000730487863712619,6.23528619924208e-05,0.5051447549127946,0.006867124349834541,0.22208333333333333,0.00018239797064362312,0.00018239797064362312,0.042,0.52025
vanilla,,,0,0,0,200,3,45,False,worst,"[1, 2, 3, 0]",0.029801845284382105,0.05686164986613716,0.0003470888958790956,9.75534876444287e-06,0.5099549792928462,0.006597878810629713,0.21425000000000002,0.0001706182342669513,0.0001706182342669513,0.0305,0.5225
vanilla,,,0,0,0,200,4,46,False,worst,"[1, 2, 3, 0]",0.014674092335569036,0.03158698074137262,0.0015594065947690332,6.905912810681115e-05,0.5212499625501558,0.00821460758361976,0.22191666666666668,0.00018239797064362312,0.00018239797064362312,0.04775,0.50625
vanilla,,,0,0,0,200,5,47,False,worst,"[1, 2, 3, 0]",0.005005219495182002,0.014519696092864999,0.0017994958895026676,9.582666223819641e-05,0.5348045965116708,0.005213708664060672,0.2191666666666667,0.00011169633849947907,0.00011169633849947907,0.037500000000000006,0.5265
vanilla,,,0,0,0,200,6,48,False,worst,"[1, 2, 3, 0]",0.04846486818797149,0.10154178734739236,0.002917200201214673,0.0003069965799130316,0.540157210608713,0.008674754030379072,0.21575000000000003,0.00011169294289112423,0.00011169294289112423,0.0385,0.5045
vanilla,,,0,0,0,200,7,49,False,worst,"[1, 2, 3, 0]",0.02007980331870084,0.04526201075131479,0.0017270311742589133,0.00010914181550011419,0.5205712632664732,0.004051029439632322,0.21408333333333338,0.00018240212922376875,0.00018240212922376875,0.057375,0.51225
vanilla,,,0,0,0,200,8,50,False,worst,"[1, 2, 3, 0]",0.020400565495037385,0.05493545847888026,0.0011301531804903623,0.00010962853003902266,0.5215890819018975,0.01050131062708497,0.22050000000000003,0.00021388456882062582,0.00021388456882062582,0.044875,0.50375
vanilla,,,0,0,0,200,9,51,False,worst,"[1, 2, 3, 0]",0.07405345316300814,0.15014393863916387,0.000960870890273917,3.9410733311987065e-05,0.5215921718593067,0.008600628537655848,0.21591666666666667,0.0002811201266359772,0.0002811201266359772,0.05375,0.52875
vanilla,,,0,0,0,500,0,42,False,worst,"[1, 2, 3, 0]",0.026302445561302196,0.056317015807129944,0.0012777684362320321,0.0001278662796503361,0.5180194348092296,0.011007474806081795,0.21958333333333335,0.00017061823426692163,0.00017061823426692163,0.043125000000000004,0.53175
vanilla,,,0,0,0,500,1,43,False,worst,"[1, 2, 3, 0]",0.018451382360532915,0.03808608274463675,0.00021195829944467668,5.6818836193862014e-05,0.4822595985988274,0.01312286397197611,0.2046666666666667,0.00036482089561254926,0.00036482089561254926,0.02525,0.5217499999999999
vanilla,,,0,0,0,500,2,44,False,worst,"[1, 2, 3, 0]",0.04828724365605336,0.1004123859387028,0.0005184149273004914,5.580664715649488e-05,0.5083831008475197,0.0021149625790268124,0.20325000000000004,0.00025797026897843533,0.00025797026897843533,0.026875,0.5025
vanilla,,,0,0,0,500,3,45,False,worst,"[1, 2, 3, 0]",0.024101505208234644,0.0542685823097655,0.0008427918009542479,6.463272107000878e-05,0.5223164907179079,0.0022457449224654227,0.21141666666666667,0.00012897190128950488,0.00012897190128950488,0.044500000000000005,0.51275
vanilla,,,0,0,0,500,4,46,False,worst,"[1, 2, 3, 0]",0.04273751869093817,0.08936210799124875,0.0001975187726579321,4.665691999408387e-05,0.510568571055581,0.007734703899733453,0.21916666666666665,0.0002579614468788562,0.0002579614468788562,0.035375000000000004,0.51325
vanilla,,,0,0,0,500,5,47,False,worst,"[1, 2, 3, 0]",0.026743975614163484,0.053900850212825036,0.0007363143133645659,0.0001226298952782441,0.5170436613150065,0.010489056559825611,0.2145,0.00018241044733212404,0.00018241044733212404,0.046625,0.517
vanilla,,,0,0,0,500,6,48,False,worst,"[1, 2, 3, 0]",0.021424938374369578,0.045939214576135534,0.00017942198199443605,3.2638694608831006e-05,0.5137685449360567,0.0048023050897135185,0.22591666666666668,0.00022340286397895496,0.00022340286397895496,0.0345,0.51425
vanilla,,,0,0,0,500,7,49,False,worst,"[1, 2, 3, 0]",0.030375760105723668,0.05797903442724228,0.0006501696476756335,6.255438935956684e-05,0.5197005380462179,0.007016695385425603,0.212,0.00018239797064362312,0.00018239797064362312,0.038375,0.5235000000000001
vanilla,,,0,0,0,500,8,50,False,worst,"[1, 2, 3, 0]",0.01046759346716498,0.020673787438523477,7.985368971776198e-05,2.2160876573270134e-05,0.4879893168696287,0.00626819274946271,0.21458333333333335,0.00022340286397900028,0.00022340286397900028,0.03075,0.5109999999999999
vanilla,,,0,0,0,500,9,51,False,worst,"[1, 2, 3, 0]",0.06069562467063915,0.1300483313166492,0.0005856467456680482,8.523322328096291e-05,0.5200177224538234,0.004362960885500613,0.20658333333333334,0.00018239797064362312,0.00018239797064362312,0.0375,0.505
dag,correct,"{0: [], 1: [0, 2], 2: [3], 3: []}",3,0,4,20,0,42,False,,,0.06713127584286882,0.12038003621724547,0.004486765306321716,0.0004650125999889182,0.5430776265911258,0.006168205308212649,0.3060833333333333,0.00011169633849947907,0.00011169633849947907,0.11725,0.59475
dag,correct,"{0: [], 1: [0, 2], 2: [3], 3: []}",3,0,4,20,1,43,False,,,0.032265990910536,0.05844789906060044,0.007541515408143379,0.0005345254788525684,0.573772841719158,0.004291155490857627,0.2761666666666667,0.00036482089561254926,0.00036482089561254926,0.13125,0.5782499999999999
dag,correct,"{0: [], 1: [0, 2], 2: [3], 3: []}",3,0,4,20,2,44,False,,,0.028785128650782064,0.05079993278192685,0.006578998016105039,0.00028256743080919974,0.5671837898082553,0.006906752519836749,0.24291666666666667,0.00018240212931852675,0.00018240212931852675,0.09887499999999999,0.56575
dag,correct,"{0: [], 1: [0, 2], 2: [3], 3: []}",3,0,4,20,3,45,False,,,0.06427038750851995,0.11335083705538607,0.014600731300662879,0.0004932539130936259,0.604610373062692,0.006745311650514064,0.3126666666666667,0.0002811052829020559,0.0002811052829020559,0.19612500000000002,0.5895
dag,correct,"{0: [], 1: [0, 2], 2: [3], 3: []}",3,0,4,20,4,46,False,,,0.013753842520378666,0.04007030444559967,0.0019900252857146345,0.0001285972253901407,0.5355545156961613,0.004096919479629648,0.23141666666666671,0.00018240212922371324,0.00018240212922371324,0.049125,0.5435
dag,correct,"{0: [], 1: [0, 2], 2: [3], 3: []}",3,0,4,20,5,47,False,,,0.016770574147397823,0.033623120705747515,0.004481055058354311,0.00022575988402266257,0.5496169371660674,0.006927234551407461,0.23516666666666666,0.0002579614468788758,0.0002579614468788758,0.09,0.538
dag,correct,"{0: [], 1: [0, 2], 2: [3], 3: []}",3,0,4,20,6,48,False,,,0.19394389753083185,0.4933033782449866,0.010082803650431281,0.000268362571899526,0.5604533728374557,0.004741586951559245,0.30175,0.00017064046661358648,0.00017064046661358648,0.1275,0.62075
dag,correct,"{0: [], 1: [0, 2], 2: [3], 3: []}",3,0,4,20,7,49,False,,,0.026711521042502323,0.0400061702321582,0.05411534166493424,0.0008849049523597118,0.7017309876626158,0.005867621485503709,0.4500833333333334,0.00022339607229778465,0.00022339607229778465,0.337375,0.6515
dag,correct,"{0: [], 1: [0, 2], 2: [3], 3: []}",3,0,4,20,8,50,False,,,0.03836834635036743,0.08441959160797441,0.0031056887827757805,0.00022386939200813355,0.5550377195234172,0.006054676356990332,0.22975000000000004,0.00017064268923280208,0.00017064268923280208,0.045125,0.5445
dag,correct,"{0: [], 1: [0, 2], 2: [3], 3: []}",3,0,4,20,9,51,False,,,0.0372797519403063,0.04896617393010358,0.0007907659982789413,0.00010748975792909567,0.5359256138770248,0.00728981043819421,0.24800000000000003,0.00012897190128946564,0.00012897190128946564,0.055875,0.56575
dag,correct,"{0: [], 1: [0, 2], 2: [3], 3: []}",3,0,4,50,0,42,False,,,0.030906158430010627,0.053065723796713204,0.006111702637116175,0.0005025072248541464,0.5443988887357802,0.006059586215045609,0.30224999999999996,0.0002579614468788562,0.0002579614468788562,0.1445,0.5774999999999999
dag,correct,"{0: [], 1: [0, 2], 2: [3], 3: []}",3,0,4,50,1,43,False,,,0.017346089490150342,0.02699840401803133,0.002202260610533281,7.258086369158041e-05,0.5432549853720408,0.0029104982330759106,0.21800000000000005,0.00036482089561254926,0.00036482089561254926,0.062,0.5155
dag,correct,"{0: [], 1: [0, 2], 2: [3], 3: []}",3,0,4,50,2,44,False,,,0.02476306083227607,0.039741684085752516,0.00041858662811407435,8.618735580866083e-05,0.5287986443444764,0.005869553972009107,0.21758333333333332,0.00017062490290667775,0.00017062490290667775,0.045625,0.5505
dag,correct,"{0: [], 1: [0, 2], 2: [3], 3: []}",3,0,4,50,3,45,False,,,0.010253858600069604,0.013436269650978161,0.002054751824997276,0.00021957564942331014,0.532794046791194,0.008333585406446915,0.22458333333333336,0.00036482089561254926,0.00036482089561254926,0.077625,0.526
dag,correct,"{0: [], 1: [0, 2], 2: [3], 3: []}",3,0,4,50,4,46,False,,,0.007712595997140523,0.02016495082028549,0.006079905728165414,0.00020907245648493943,0.5625422625140308,0.005796718035446874,0.234,0.00018239797064362314,0.00018239797064362314,0.0755,0.50925
dag,correct,"{0: [], 1: [0, 2], 2: [3], 3: []}",3,0,4,50,5,47,False,,,0.008603327960154153,0.011734294681835067,0.00038340040246954944,5.8222728295524704e-05,0.5140687937671118,0.007177563129303555,0.2350833333333334,0.00011169294289112423,0.00011169294289112423,0.056375,0.51225
dag,correct,"{0: [], 1: [0, 2], 2: [3], 3: []}",3,0,4,50,6,48,False,,,0.026467889861874833,0.03351809799587602,0.0012216769574535974,0.0002227645338127799,0.5176299281964875,0.006372954714499658,0.22966666666666669,0.0001706182342668623,0.0001706182342668623,0.045875000000000006,0.5327500000000001
dag,correct,"{0: [], 1: [0, 2], 2: [3], 3: []}",3,0,4,50,7,49,False,,,0.0044601633673241195,0.011980579390701518,0.0009918049840439216,0.00010603743892004335,0.5280248293167394,0.005395429405717175,0.20641666666666666,0.0001706182342668623,0.0001706182342668623,0.03862500000000001,0.5185
dag,correct,"{0: [], 1: [0, 2], 2: [3], 3: []}",3,0,4,50,8,50,False,,,0.026548499466692677,0.05895223718316603,0.0023650584240942664,0.00010827781665362232,0.5454827356773735,0.00692795147195665,0.2255,0.00017062045717584006,0.00017062045717584006,0.06275,0.5215000000000001
dag,correct,"{0: [], 1: [0, 2], 2: [3], 3: []}",3,0,4,50,9,51,False,,,0.02335451478611213,0.050369405804649464,0.0026789204890111428,0.00013375695715155838,0.5516740226646719,0.007207005892176172,0.22783333333333336,0.00022339607237519953,0.00022339607237519953,0.062,0.53225
dag,correct,"{0: [], 1: [0, 2], 2: [3], 3: []}",3,0,4,100,0,42,False,,,0.009252665602187071,0.015489920742126993,0.001667784597340591,0.0001406168990724513,0.5433779691492724,0.006570488124481513,0.22275,0.0003159441626101885,0.0003159441626101885,0.038500000000000006,0.5095
dag,correct,"{0: [], 1: [0, 2], 2: [3], 3: []}",3,0,4,100,1,43,False,,,0.03430873923237093,0.06765625451539165,0.0019688251375891445,9.976353331102147e-05,0.5345479814388684,0.006352884949422425,0.21608333333333332,0.00011169294289112423,0.00011169294289112423,0.048375,0.5155000000000001
dag,correct,"{0: [], 1: [0, 2], 2: [3], 3: []}",3,0,4,100,2,44,False,,,0.007051176842564663,0.013822254392392597,0.0007566050381501682,0.00010325235605869522,0.5214518695594468,0.007055081971770191,0.2349166666666667,0.00018239797064362312,0.00018239797064362312,0.05374999999999999,0.5327500000000001
dag,correct,"{0: [], 1: [0, 2], 2: [3], 3: []}",3,0,4,100,3,45,False,,,0.006828647028846435,0.013975271796971722,0.0022199417838297463,0.00018312336125338543,0.5356754419522952,0.005555729026556357,0.21375,0.00018239797064362312,0.00018239797064362312,0.057624999999999996,0.51675
dag,correct,"{0: [], 1: [0, 2], 2: [3], 3: []}",3,0,4,100,4,46,False,,,0.011489957689458557,0.025569179337883153,0.004311872572684462,0.0001668143428748761,0.5587051923990688,0.007951390222548418,0.21875,0.0001706182342668623,0.0001706182342668623,0.07250000000000001,0.506
dag,correct,"{0: [], 1: [0, 2], 2: [3], 3: []}",3,0,4,100,5,47,False,,,0.027887168193254302,0.05813344870126157,0.0011095751851256564,0.00011099131717175076,0.5298451752864708,0.008335610323498313,0.221,0.00012897778261107835,0.00012897778261107835,0.049749999999999996,0.52325
dag,correct,"{0: [], 1: [0, 2], 2: [3], 3: []}",3,0,4,100,6,48,False,,,0.03238293556587613,0.06737455176331128,0.0039367620023932435,0.00033945848181942773,0.5543915994020485,0.005633753149795601,0.21725000000000003,0.0001824104473319853,0.0001824104473319853,0.06175,0.5145
dag,correct,"{0: [], 1: [0, 2], 2: [3], 3: []}",3,0,4,100,7,49,False,,,0.013335277758336534,0.028248500424968015,0.00195645233233255,0.00020013187433673408,0.5293182416514799,0.004545490838705816,0.21308333333333337,0.00033511278654637847,0.00033511278654637847,0.07500000000000001,0.5155000000000001
dag,correct,"{0: [], 1: [0, 2], 2: [3], 3: []}",3,0,4,100,8,50,False,,,0.03483524348504903,0.06743854515204936,0.0013150538233292733,0.0001097652060997168,0.5162584237003496,0.004302594547702379,0.21233333333333335,0.0002811052829020559,0.0002811052829020559,0.024125,0.5145
dag,correct,"{0: [], 1: [0, 2], 2: [3], 3: []}",3,0,4,100,9,51,False,,,0.020021796302097588,0.04496633250541001,0.002452351674590487,8.502352380725883e-05,0.5354382024555431,0.002183887596311856,0.20475,0.0002811052829020559,0.0002811052829020559,0.03075,0.5215000000000001
dag,correct,"{0: [], 1: [0, 2], 2: [3], 3: []}",3,0,4,200,0,42,False,,,0.00848756408041119,0.012842596208887107,0.0006374940259073422,9.85624441169608e-05,0.5274648040762018,0.005140239769007038,0.21016666666666664,0.00011169294289112423,0.00011169294289112423,0.0305,0.5177499999999999
dag,correct,"{0: [], 1: [0, 2], 2: [3], 3: []}",3,0,4,200,1,43,False,,,0.016958250428887597,0.03612898644415265,0.0015697148428616317,7.194642291153681e-05,0.5172763209259845,0.005665589248555562,0.23216666666666672,0.0002579614468788365,0.0002579614468788365,0.058124999999999996,0.5277499999999999
dag,correct,"{0: [], 1: [0, 2], 2: [3], 3: []}",3,0,4,200,2,44,False,,,0.013435047839831344,0.030440646207052058,0.0008732716328603059,0.00012673717303227712,0.5182341775627497,0.008285958931309052,0.20658333333333334,0.0002579614468788365,0.0002579614468788365,0.033875,0.495
dag,correct,"{0: [], 1: [0, 2], 2: [3], 3: []}",3,0,4,200,3,45,False,,,0.01570724594352792,0.03203748557554972,0.0005968279000362005,0.0001268691826848308,0.5142038708586355,0.006488049530269381,0.21624999999999997,0.00022339607229778465,0.00022339607229778465,0.04575,0.50225
dag,correct,"{0: [], 1: [0, 2], 2: [3], 3: []}",3,0,4,200,4,46,False,,,0.0069294990540815305,0.013285884208998438,0.0020150462711499935,0.00019460049632768662,0.5314284245177235,0.009066649043943564,0.22991666666666669,0.0001824104473319853,0.0001824104473319853,0.0665,0.52025
dag,correct,"{0: [], 1: [0, 2], 2: [3], 3: []}",3,0,4,200,5,47,False,,,0.02409445384300081,0.05176367846836283,0.0012989628589558716,8.873462142389435e-05,0.5245217926442236,0.0037465159775235237,0.21825000000000003,0.0002811052829020559,0.0002811052829020559,0.038500000000000006,0.53525
dag,correct,"{0: [], 1: [0, 2], 2: [3], 3: []}",3,0,4,200,6,48,False,,,0.027325722834347015,0.05729715880557875,0.002603885805851433,0.00014937819698273902,0.5397174059689124,0.007508487390396984,0.21916666666666665,0.00021388456882064948,0.00021388456882064948,0.066125,0.511
dag,correct,"{0: [], 1: [0, 2], 2: [3], 3: []}",3,0,4,200,7,49,False,,,0.028873148228661032,0.05649496381396172,0.0008854067240624657,0.00020757213962465979,0.5229561538026943,0.00931289226386705,0.20766666666666664,0.00018239797064362312,0.00018239797064362312,0.026625,0.51075
dag,correct,"{0: [], 1: [0, 2], 2: [3], 3: []}",3,0,4,200,8,50,False,,,0.016295635873615603,0.03035191997924341,0.0011973046776646468,9.216837008037768e-05,0.5100968428614691,0.007940824272787507,0.23150000000000004,0.0002811052829020559,0.0002811052829020559,0.06812499999999999,0.53225
dag,correct,"{0: [], 1: [0, 2], 2: [3], 3: []}",3,0,4,200,9,51,False,,,0.014768613426546449,0.030710302875843518,0.000927008205613044,0.00017939473366778292,0.5162412235311,0.006878359937193449,0.21266666666666664,0.000223396072297694,0.000223396072297694,0.046625,0.50425
dag,correct,"{0: [], 1: [0, 2], 2: [3], 3: []}",3,0,4,500,0,42,False,,,0.012128877985373036,0.027170119164314346,0.0009792252633636337,0.00016629462155021922,0.5256704098298868,0.009998198330847306,0.21258333333333335,0.0002497757918297182,0.0002497757918297182,0.038625,0.51275
dag,correct,"{0: [], 1: [0, 2], 2: [3], 3: []}",3,0,4,500,1,43,False,,,0.012942427145991689,0.027498164927329725,0.00047032377994930005,8.260357063231829e-05,0.5150895909449675,0.00622824081662293,0.20691666666666667,0.00018239797064362312,0.00018239797064362312,0.027875,0.504
dag,correct,"{0: [], 1: [0, 2], 2: [3], 3: []}",3,0,4,500,2,44,False,,,0.019659980539775055,0.04112474900937857,0.0007454528805158109,0.0001683811721257663,0.5185636555193551,0.011594859382248393,0.21508333333333332,0.0002811052829020559,0.0002811052829020559,0.043875000000000004,0.5095000000000001
dag,correct,"{0: [], 1: [0, 2], 2: [3], 3: []}",3,0,4,500,3,45,False,,,0.00945155665706555,0.021350379245936912,0.0008467028271044048,7.754395848891653e-05,0.5273638155422278,0.004737217890121339,0.215,0.00011169294289112423,0.00011169294289112423,0.041999999999999996,0.508
dag,correct,"{0: [], 1: [0, 2], 2: [3], 3: []}",3,0,4,500,4,46,False,,,0.014992203426768422,0.032697666695841024,0.0005619827285859488,0.0001334227176345052,0.5107704534518163,0.01246061247476999,0.20891666666666667,0.00021389875598380438,0.00021389875598380438,0.036875000000000005,0.498
dag,correct,"{0: [], 1: [0, 2], 2: [3], 3: []}",3,0,4,500,5,47,False,,,0.033940830654174005,0.0721534971060971,0.0012688732597831373,0.00023361509515334308,0.5212157703655498,0.009602959329089977,0.22816666666666666,0.00028110663211303806,0.00028110663211303806,0.065125,0.5175
dag,correct,"{0: [], 1: [0, 2], 2: [3], 3: []}",3,0,4,500,6,48,False,,,0.032866501016698295,0.0701379337771356,0.0002988216366168795,9.077490198421439e-05,0.5023098445479288,0.007818513856266581,0.20516666666666672,0.00012897778261099983,0.00012897778261099983,0.024750000000000005,0.5155
dag,correct,"{0: [], 1: [0, 2], 2: [3], 3: []}",3,0,4,500,7,49,False,,,0.0074033865385811914,0.016511086860304336,0.0002596586177937664,3.521255966242293e-05,0.5131790911163743,0.006929970926851019,0.21133333333333335,0.00022340286397895496,0.00022340286397895496,0.024125,0.5255
dag,correct,"{0: [], 1: [0, 2], 2: [3], 3: []}",3,0,4,500,8,50,False,,,0.019702305044650256,0.04156443430476705,0.00024007722025794383,6.108589933465666e-05,0.4948183754679848,0.0065724286903925,0.2111666666666667,0.0002811052829020559,0.0002811052829020559,0.025625,0.534
dag,correct,"{0: [], 1: [0, 2], 2: [3], 3: []}",3,0,4,500,9,51,False,,,0.005740624141039791,0.014486736839480638,0.0005657468511967082,3.8770121761548974e-05,0.5181626406143425,0.00543560793578088,0.20200000000000004,0.00021388456882060213,0.00021388456882060213,0.029249999999999998,0.488
cpdag,cpdag,"{0: {'parents': [], 'undirected': []}, 1: {'parents': [0, 2], 'undirected': []}, 2: {'parents': [], 'undirected': [3]}, 3: {'parents': [], 'undirected': [2]}}",2,1,4,20,0,42,False,,,0.020017068525072425,0.04396014874443095,0.0033775362475143593,0.00020200873930996917,0.5480207305952708,0.00651055622347924,0.28150000000000003,0.0001706293495351096,0.0001706293495351096,0.09487500000000001,0.5874999999999999
cpdag,cpdag,"{0: {'parents': [], 'undirected': []}, 1: {'parents': [0, 2], 'undirected': []}, 2: {'parents': [], 'undirected': [3]}, 3: {'parents': [], 'undirected': [2]}}",2,1,4,20,1,43,False,,,0.1094269134154562,0.2128714456454091,0.0032946792506237583,0.00040184156325156394,0.5562769479043794,0.011905710017827751,0.281,0.00021389343570576847,0.00021389343570576847,0.102625,0.5765
cpdag,cpdag,"{0: {'parents': [], 'undirected': []}, 1: {'parents': [0, 2], 'undirected': []}, 2: {'parents': [], 'undirected': [3]}, 3: {'parents': [], 'undirected': [2]}}",2,1,4,20,2,44,False,,,0.09018458025047899,0.1476465099053492,0.00978647692008237,0.00037745626420389224,0.5834326494211147,0.0062666802168877545,0.3131666666666667,0.00022339607237517687,0.00022339607237517687,0.15125,0.592
cpdag,cpdag,"{0: {'parents': [], 'undirected': []}, 1: {'parents': [0, 2], 'undirected': []}, 2: {'parents': [], 'undirected': [3]}, 3: {'parents': [], 'undirected': [2]}}",2,1,4,20,3,45,False,,,0.11027543212506179,0.22050196760778012,0.007388594704812614,0.0003710944245685509,0.5773636843811234,0.007831106478083955,0.3206666666666667,0.0002811052829020559,0.0002811052829020559,0.148375,0.5775
cpdag,cpdag,"{0: {'parents': [], 'undirected': []}, 1: {'parents': [0, 2], 'undirected': []}, 2: {'parents': [], 'undirected': [3]}, 3: {'parents': [], 'undirected': [2]}}",2,1,4,20,4,46,False,,,0.04824089923699476,0.08118302667610885,0.002194301985029648,0.00014224556846953966,0.5443830661835752,0.0077999494722656645,0.24633333333333338,0.0002811052829019839,0.0002811052829019839,0.06425,0.55175
cpdag,cpdag,"{0: {'parents': [], 'undirected': []}, 1: {'parents': [0, 2], 'undirected': []}, 2: {'parents': [], 'undirected': [3]}, 3: {'parents': [], 'undirected': [2]}}",2,1,4,20,5,47,False,,,0.19511517011952054,0.37489256438107005,0.00481800457747882,0.00037489916667951333,0.5583886315817607,0.0075760683718061736,0.26575000000000004,0.0002811052829020559,0.0002811052829020559,0.09699999999999999,0.5495000000000001
cpdag,cpdag,"{0: {'parents': [], 'undirected': []}, 1: {'parents': [0, 2], 'undirected': []}, 2: {'parents': [], 'undirected': [3]}, 3: {'parents': [], 'undirected': [2]}}",2,1,4,20,6,48,False,,,0.0894243315722354,0.15256960237813205,0.014730823741989219,0.0005009355600318523,0.6018749970640455,0.006413489436424981,0.33899999999999997,0.00017062045717575105,0.00017062045717575105,0.16125,0.63475
cpdag,cpdag,"{0: {'parents': [], 'undirected': []}, 1: {'parents': [0, 2], 'undirected': []}, 2: {'parents': [], 'undirected': [3]}, 3: {'parents': [], 'undirected': [2]}}",2,1,4,20,7,49,False,,,0.10937841768061024,0.2558492435404904,0.03181407725316119,0.0010835886472422875,0.6522254031815549,0.005429659644645402,0.3359166666666667,0.00021388456882062582,0.00021388456882062582,0.12975,0.6132500000000001
cpdag,cpdag,"{0: {'parents': [], 'undirected': []}, 1: {'parents': [0, 2], 'undirected': []}, 2: {'parents': [], 'undirected': [3]}, 3: {'parents': [], 'undirected': [2]}}",2,1,4,20,8,50,False,,,0.06825633521191822,0.1285258349617726,0.006692703653541493,0.0003480419521434225,0.5630825862826289,0.006353510197296663,0.263,0.0003413076144343045,0.0003413076144343045,0.09887499999999999,0.57475
cpdag,cpdag,"{0: {'parents': [], 'undirected': []}, 1: {'parents': [0, 2], 'undirected': []}, 2: {'parents': [], 'undirected': [3]}, 3: {'parents': [], 'undirected': [2]}}",2,1,4,20,9,51,False,,,0.050780251211621386,0.10691155608883718,0.0008187068782439383,0.00010258932687859016,0.5227751443694072,0.008183328757835272,0.2414166666666667,0.00012897190128954416,0.00012897190128954416,0.048625,0.58575
cpdag,cpdag,"{0: {'parents': [], 'undirected': []}, 1: {'parents': [0, 2], 'undirected': []}, 2: {'parents': [], 'undirected': [3]}, 3: {'parents': [], 'undirected': [2]}}",2,1,4,50,0,42,False,,,0.01743644579572054,0.03927989509310167,0.003249259339984619,0.00027837087435892343,0.5391045277880359,0.012560779440066653,0.30191666666666667,0.0002811052829020559,0.0002811052829020559,0.103,0.55225
cpdag,cpdag,"{0: {'parents': [], 'undirected': []}, 1: {'parents': [0, 2], 'undirected': []}, 2: {'parents': [], 'undirected': [3]}, 3: {'parents': [], 'undirected': [2]}}",2,1,4,50,1,43,False,,,0.07892536318272612,0.16328412414581625,0.00502068991088917,0.0003704561114115988,0.5726372208077977,0.006075008094190403,0.24150000000000005,0.0002811052829020559,0.0002811052829020559,0.080375,0.5369999999999999
cpdag,cpdag,"{0: {'parents': [], 'undirected': []}, 1: {'parents': [0, 2], 'undirected': []}, 2: {'parents': [], 'undirected': [3]}, 3: {'parents': [], 'undirected': [2]}}",2,1,4,50,2,44,False,,,0.09364751892843991,0.19047895809556525,0.0036269665002978324,0.00018589445904086668,0.5661777477434139,0.005815897525399909,0.265,0.00028110663211303806,0.00028110663211303806,0.103375,0.53525
cpdag,cpdag,"{0: {'parents': [], 'undirected': []}, 1: {'parents': [0, 2], 'undirected': []}, 2: {'parents': [], 'undirected': [3]}, 3: {'parents': [], 'undirected': [2]}}",2,1,4,50,3,45,False,,,0.012441532078405064,0.03742324306927774,0.0028803829853957606,0.00017019351744973417,0.5390252497616086,0.005776965582680772,0.2386666666666667,0.00036482089561254926,0.00036482089561254926,0.08449999999999999,0.5549999999999999
cpdag,cpdag,"{0: {'parents': [], 'undirected': []}, 1: {'parents': [0, 2], 'undirected': []}, 2: {'parents': [], 'undirected': [3]}, 3: {'parents': [], 'undirected': [2]}}",2,1,4,50,4,46,False,,,0.022175618730563448,0.035351788195597,0.003998771049978782,0.0003103278794597759,0.5392007579825574,0.009452758124615547,0.2234166666666667,0.00011169294289112423,0.00011169294289112423,0.052000000000000005,0.526
cpdag,cpdag,"{0: {'parents': [], 'undirected': []}, 1: {'parents': [0, 2], 'undirected': []}, 2: {'parents': [], 'undirected': [3]}, 3: {'parents': [], 'undirected': [2]}}",2,1,4,50,5,47,False,,,0.06002717658193065,0.13104137486718595,0.0007376671559155494,0.0001105024544043312,0.5227876937595941,0.008889492180829689,0.22383333333333336,0.00021388456882064948,0.00021388456882064948,0.032875,0.514
cpdag,cpdag,"{0: {'parents': [], 'undirected': []}, 1: {'parents': [0, 2], 'undirected': []}, 2: {'parents': [], 'undirected': [3]}, 3: {'parents': [], 'undirected': [2]}}",2,1,4,50,6,48,False,,,0.02875162857622267,0.042796770460168054,0.007243152313413692,0.000265618000514671,0.5627368621998713,0.006312483780333956,0.2531666666666667,0.0002579614468788562,0.0002579614468788562,0.111875,0.5409999999999999
cpdag,cpdag,"{0: {'parents': [], 'undirected': []}, 1: {'parents': [0, 2], 'undirected': []}, 2: {'parents': [], 'undirected': [3]}, 3: {'parents': [], 'undirected': [2]}}",2,1,4,50,7,49,False,,,0.04368068194420441,0.08063997641762241,0.008651664717785936,0.0003135968595101586,0.5711356188125836,0.005325473794412171,0.2545,0.0002811052829020559,0.0002811052829020559,0.117125,0.5449999999999999
cpdag,cpdag,"{0: {'parents': [], 'undirected': []}, 1: {'parents': [0, 2], 'undirected': []}, 2: {'parents': [], 'undirected': [3]}, 3: {'parents': [], 'undirected': [2]}}",2,1,4,50,8,50,False,,,0.03835940450330536,0.07995439456183787,0.005013200415496486,0.00026680122890623587,0.5626174028945586,0.0054590629014899285,0.242,0.00021389343570579216,0.00021389343570579216,0.10062499999999999,0.52825
cpdag,cpdag,"{0: {'parents': [], 'undirected': []}, 1: {'parents': [0, 2], 'undirected': []}, 2: {'parents': [], 'undirected': [3]}, 3: {'parents': [], 'undirected': [2]}}",2,1,4,50,9,51,False,,,0.05089653872047136,0.1053432483250572,0.003250112635435087,0.00011638373035389847,0.5468636967725148,0.008249306772698261,0.22933333333333336,0.00021388456882060213,0.00021388456882060213,0.060625000000000005,0.5515
cpdag,cpdag,"{0: {'parents': [], 'undirected': []}, 1: {'parents': [0, 2], 'undirected': []}, 2: {'parents': [], 'undirected': [3]}, 3: {'parents': [], 'undirected': [2]}}",2,1,4,100,0,42,False,,,0.04214230213119935,0.09136091343135455,0.001062389237263758,8.737455941836652e-05,0.5298494363160149,0.005645482700660872,0.26516666666666666,0.0001117031294066604,0.0001117031294066604,0.08225,0.5369999999999999
cpdag,cpdag,"{0: {'parents': [], 'undirected': []}, 1: {'parents': [0, 2], 'undirected': []}, 2: {'parents': [], 'undirected': [3]}, 3: {'parents': [], 'undirected': [2]}}",2,1,4,100,1,43,False,,,0.02569644094493108,0.052616503602534614,0.0020782444343200694,0.0001274617120031313,0.5262160816339783,0.012453340889641857,0.20983333333333332,1.9229626863835638e-16,1.9229626863835638e-16,0.05,0.5217499999999999
cpdag,cpdag,"{0: {'parents': [], 'undirected': []}, 1: {'parents': [0, 2], 'undirected': []}, 2: {'parents': [], 'undirected': [3]}, 3: {'parents': [], 'undirected': [2]}}",2,1,4,100,2,44,False,,,0.08069223918066921,0.16373695187912807,0.0013403128001504652,0.00014702190025453195,0.5311466243904908,0.01202929350482033,0.2221666666666667,0.00011169633849947907,0.00011169633849947907,0.055999999999999994,0.52275
cpdag,cpdag,"{0: {'parents': [], 'undirected': []}, 1: {'parents': [0, 2], 'undirected': []}, 2: {'parents': [], 'undirected': [3]}, 3: {'parents': [], 'undirected': [2]}}",2,1,4,100,3,45,False,,,0.031964329010896915,0.06292159627912791,0.0029052110463562253,0.0002465741872131266,0.5445025185227372,0.009994670324234527,0.22650000000000003,0.00018239797064362312,0.00018239797064362312,0.06925,0.537
cpdag,cpdag,"{0: {'parents': [], 'undirected': []}, 1: {'parents': [0, 2], 'undirected': []}, 2: {'parents': [], 'undirected': [3]}, 3: {'parents': [], 'undirected': [2]}}",2,1,4,100,4,46,False,,,0.0052590790529242785,0.013466394229716898,0.003394498246063657,0.00023534296609892548,0.5601403374721727,0.002323958166614891,0.21750000000000003,0.00018239797064362312,0.00018239797064362312,0.044625000000000005,0.52275
cpdag,cpdag,"{0: {'parents': [], 'undirected': []}, 1: {'parents': [0, 2], 'undirected': []}, 2: {'parents': [], 'undirected': [3]}, 3: {'parents': [], 'undirected': [2]}}",2,1,4,100,5,47,False,,,0.06146545428844985,0.1356234953889207,0.0012638941202734045,9.312620585894403e-05,0.5247255489243585,0.005787177629156268,0.22550000000000003,0.0001289777826111176,0.0001289777826111176,0.047125,0.52425
cpdag,cpdag,"{0: {'parents': [], 'undirected': []}, 1: {'parents': [0, 2], 'undirected': []}, 2: {'parents': [], 'undirected': [3]}, 3: {'parents': [], 'undirected': [2]}}",2,1,4,100,6,48,False,,,0.01424387945037122,0.021632814264545108,0.004719479017119731,0.0003005783746830529,0.5416547738250387,0.007338012353902907,0.22291666666666668,0.0002811052829020559,0.0002811052829020559,0.0695,0.5175
cpdag,cpdag,"{0: {'parents': [], 'undirected': []}, 1: {'parents': [0, 2], 'undirected': []}, 2: {'parents': [], 'undirected': [3]}, 3: {'parents': [], 'undirected': [2]}}",2,1,4,100,7,49,False,,,0.0265484195999753,0.060040399349530926,0.0018954760804128102,0.0002401694733890052,0.5281053666116822,0.008240364024155504,0.2151666666666667,0.00036482089561254926,0.00036482089561254926,0.068625,0.5195000000000001
cpdag,cpdag,"{0: {'parents': [], 'undirected': []}, 1: {'parents': [0, 2], 'undirected': []}, 2: {'parents': [], 'undirected': [3]}, 3: {'parents': [], 'undirected': [2]}}",2,1,4,100,8,50,False,,,0.007502644587456372,0.01343051249396987,0.0014830549950224901,0.00022299088733678736,0.5302184760486265,0.010461484792335371,0.21666666666666667,0.00017061823426692163,0.00017061823426692163,0.046875,0.508
cpdag,cpdag,"{0: {'parents': [], 'undirected': []}, 1: {'parents': [0, 2], 'undirected': []}, 2: {'parents': [], 'undirected': [3]}, 3: {'parents': [], 'undirected': [2]}}",2,1,4,100,9,51,False,,,0.020117260090886144,0.04421973347549012,0.001482373390910858,5.973805445188725e-05,0.531861378959807,0.0025428127626441676,0.21616666666666665,0.0002579614468788365,0.0002579614468788365,0.059375000000000004,0.5269999999999999
cpdag,cpdag,"{0: {'parents': [], 'undirected': []}, 1: {'parents': [0, 2], 'undirected': []}, 2: {'parents': [], 'undirected': [3]}, 3: {'parents': [], 'undirected': [2]}}",2,1,4,200,0,42,False,,,0.02579555429582688,0.046775877523980824,0.0005720627618309576,0.00012411302031259383,0.515279565585774,0.009581954923486041,0.23733333333333337,0.00017062045717584006,0.00017062045717584006,0.062375,0.52875
cpdag,cpdag,"{0: {'parents': [], 'undirected': []}, 1: {'parents': [0, 2], 'undirected': []}, 2: {'parents': [], 'undirected': [3]}, 3: {'parents': [], 'undirected': [2]}}",2,1,4,200,1,43,False,,,0.01906867129550679,0.03822188802024892,0.0021274361183571586,0.00019347359252178654,0.5324079012428778,0.007364556028799122,0.20933333333333334,0.00017061823426689198,0.00017061823426689198,0.045500000000000006,0.5235000000000001
cpdag,cpdag,"{0: {'parents': [], 'undirected': []}, 1: {'parents': [0, 2], 'undirected': []}, 2: {'parents': [], 'undirected': [3]}, 3: {'parents': [], 'undirected': [2]}}",2,1,4,200,2,44,False,,,0.04963029774712186,0.10162501546623842,0.0012224424548705618,0.00013416314762583297,0.5209434158952804,0.006959376456104964,0.21008333333333332,0.0002811052829020559,0.0002811052829020559,0.042249999999999996,0.50675
cpdag,cpdag,"{0: {'parents': [], 'undirected': []}, 1: {'parents': [0, 2], 'undirected': []}, 2: {'parents': [], 'undirected': [3]}, 3: {'parents': [], 'undirected': [2]}}",2,1,4,200,3,45,False,,,0.0061890952197831564,0.013735465106929023,0.0004156834528730549,6.130887187403486e-05,0.5025589785234283,0.008387670618997162,0.20825000000000002,0.00012897190128962266,0.00012897190128962266,0.0225,0.5129999999999999
cpdag,cpdag,"{0: {'parents': [], 'undirected': []}, 1: {'parents': [0, 2], 'undirected': []}, 2: {'parents': [], 'undirected': [3]}, 3: {'parents': [], 'undirected': [2]}}",2,1,4,200,4,46,False,,,0.005148141227338837,0.011307030324121281,0.0013643920647989864,0.00013708939488499776,0.5226195440280679,0.009699585235304406,0.22141666666666668,0.00011169633849943373,0.00011169633849943373,0.039625,0.51325
cpdag,cpdag,"{0: {'parents': [], 'undirected': []}, 1: {'parents': [0, 2], 'undirected': []}, 2: {'parents': [], 'undirected': [3]}, 3: {'parents': [], 'undirected': [2]}}",2,1,4,200,5,47,False,,,0.05378289207523903,0.10858912390441967,0.0014431066748007483,0.00011861150263927523,0.5211236602022989,0.0067596237982765536,0.22550000000000003,0.00017062934953516892,0.00017062934953516892,0.034749999999999996,0.52225
cpdag,cpdag,"{0: {'parents': [], 'undirected': []}, 1: {'parents': [0, 2], 'undirected': []}, 2: {'parents': [], 'undirected': [3]}, 3: {'parents': [], 'undirected': [2]}}",2,1,4,200,6,48,False,,,0.005012445809809776,0.012452164234376045,0.0020015940223745586,0.00019706106262927173,0.5323606145893933,0.005578404669961506,0.213,0.00018240628884674974,0.00018240628884674974,0.038875,0.5075000000000001
cpdag,cpdag,"{0: {'parents': [], 'undirected': []}, 1: {'parents': [0, 2], 'undirected': []}, 2: {'parents': [], 'undirected': [3]}, 3: {'parents': [], 'undirected': [2]}}",2,1,4,200,7,49,False,,,0.007778777297084973,0.016216202508223056,0.001938247017405939,0.00016208748612051268,0.5245859236240548,0.0075828012946797165,0.2084166666666667,0.0002579614468788365,0.0002579614468788365,0.053375,0.516
cpdag,cpdag,"{0: {'parents': [], 'undirected': []}, 1: {'parents': [0, 2], 'undirected': []}, 2: {'parents': [], 'undirected': [3]}, 3: {'parents': [], 'undirected': [2]}}",2,1,4,200,8,50,False,,,0.010514170756097082,0.02878506959070465,0.0013323057368827258,0.00012960008195070594,0.5253004342894665,0.005338201507942569,0.22841666666666668,0.0003412520296560224,0.0003412520296560224,0.043250000000000004,0.5257499999999999
cpdag,cpdag,"{0: {'parents': [], 'undirected': []}, 1: {'parents': [0, 2], 'undirected': []}, 2: {'parents': [], 'undirected': [3]}, 3: {'parents': [], 'undirected': [2]}}",2,1,4,200,9,51,False,,,0.009870004408515057,0.02686526136293909,0.0005963313023978234,5.884481841943592e-05,0.5164956798361577,0.01252564653261965,0.2085,0.0002811052829020559,0.0002811052829020559,0.041375,0.5085
cpdag,cpdag,"{0: {'parents': [], 'undirected': []}, 1: {'parents': [0, 2], 'undirected': []}, 2: {'parents': [], 'undirected': [3]}, 3: {'parents': [], 'undirected': [2]}}",2,1,4,500,0,42,False,,,0.009205993738742728,0.020949366700004246,0.0008415995292945429,6.761846199031013e-05,0.5176525280447489,0.006978792446082185,0.21658333333333335,0.00028112012663592315,0.00028112012663592315,0.036875000000000005,0.51625
cpdag,cpdag,"{0: {'parents': [], 'undirected': []}, 1: {'parents': [0, 2], 'undirected': []}, 2: {'parents': [], 'undirected': [3]}, 3: {'parents': [], 'undirected': [2]}}",2,1,4,500,1,43,False,,,0.01843138592596556,0.03814190347534413,9.572907055567058e-05,3.3207129401137276e-05,0.4979541676976331,0.007748173821891179,0.20824999999999996,0.0001824104473320963,0.0001824104473320963,0.028375,0.51525
cpdag,cpdag,"{0: {'parents': [], 'undirected': []}, 1: {'parents': [0, 2], 'undirected': []}, 2: {'parents': [], 'undirected': [3]}, 3: {'parents': [], 'undirected': [2]}}",2,1,4,500,2,44,False,,,0.02748119226394105,0.057325891025050944,0.0007439098691817026,7.332131749363075e-05,0.5151573716878869,0.009957146025404007,0.20566666666666666,0.0001706293495353173,0.0001706293495353173,0.039875,0.5005
cpdag,cpdag,"{0: {'parents': [], 'undirected': []}, 1: {'parents': [0, 2], 'undirected': []}, 2: {'parents': [], 'undirected': [3]}, 3: {'parents': [], 'undirected': [2]}}",2,1,4,500,3,45,False,,,0.009499873830579786,0.020497113339177808,0.0009027736180783525,0.00011020156447824638,0.5229767183038228,0.007111197024970565,0.2041666666666667,0.00012897190128962266,0.00012897190128962266,0.028874999999999998,0.50875
cpdag,cpdag,"{0: {'parents': [], 'undirected': []}, 1: {'parents': [0, 2], 'undirected': []}, 2: {'parents': [], 'undirected': [3]}, 3: {'parents': [], 'undirected': [2]}}",2,1,4,500,4,46,False,,,0.004456300060483637,0.00877351743268967,0.00039361268553917626,8.613718714808463e-05,0.5074220224400748,0.0055867214029081515,0.21158333333333335,0.00011169633849943373,0.00011169633849943373,0.03425,0.5205
cpdag,cpdag,"{0: {'parents': [], 'undirected': []}, 1: {'parents': [0, 2], 'undirected': []}, 2: {'parents': [], 'undirected': [3]}, 3: {'parents': [], 'undirected': [2]}}",2,1,4,500,5,47,False,,,0.043143113007809854,0.09213233346789773,0.0005536077584445959,0.00010509959557675982,0.513120200765267,0.008256322445717012,0.21966666666666665,0.0002811052829020559,0.0002811052829020559,0.03975,0.50825
cpdag,cpdag,"{0: {'parents': [], 'undirected': []}, 1: {'parents': [0, 2], 'undirected': []}, 2: {'parents': [], 'undirected': [3]}, 3: {'parents': [], 'undirected': [2]}}",2,1,4,500,6,48,False,,,0.009767228077955171,0.016502658175562384,0.00047106807022269197,8.196311329636396e-05,0.5146372849796951,0.010647334131768722,0.20425000000000001,0.0002579614468788562,0.0002579614468788562,0.034625,0.50525
cpdag,cpdag,"{0: {'parents': [], 'undirected': []}, 1: {'parents': [0, 2], 'undirected': []}, 2: {'parents': [], 'undirected': [3]}, 3: {'parents': [], 'undirected': [2]}}",2,1,4,500,7,49,False,,,0.012673832353626673,0.027513261190116267,0.0007817628100484095,5.1787997669047186e-05,0.522738116281481,0.005147346297837929,0.21066666666666667,0.0001289777826111176,0.0001289777826111176,0.0405,0.51675
cpdag,cpdag,"{0: {'parents': [], 'undirected': []}, 1: {'parents': [0, 2], 'undirected': []}, 2: {'parents': [], 'undirected': [3]}, 3: {'parents': [], 'undirected': [2]}}",2,1,4,500,8,50,False,,,0.004804540592781212,0.008015284914136,0.00027468158479416755,8.906913042526524e-05,0.4984473568986908,0.011115061637146716,0.21558333333333335,0.0001706293495353173,0.0001706293495353173,0.033625,0.51025
cpdag,cpdag,"{0: {'parents': [], 'undirected': []}, 1: {'parents': [0, 2], 'undirected': []}, 2: {'parents': [], 'undirected': [3]}, 3: {'parents': [], 'undirected': [2]}}",2,1,4,500,9,51,False,,,0.047309287809787604,0.10335380432467839,0.0006311620497958333,0.00011995440946481063,0.5171104541875478,0.010166656959709561,0.21325000000000002,0.00022339607229778465,0.00022339607229778465,0.026,0.5075
